id,airport_code,spirit_animal,email,app_name,material_type
"1","FOK","Red-billed toucan","kstadding0@aol.com","Namfix","Glass",
"2","TZL","Eastern grey kangaroo","dpapworth1@shareasale.com","Y-Solowarm","Wood",
"3","KND","Indian jackal","gkelberer2@cyberchimps.com","Daltfresh","Vinyl",
"4","KMC","Lemur, sportive","dgannicleff3@rakuten.co.jp","Matsoft","Rubber",
"5","PCJ","Puku","casipenko4@washington.edu","Stringtough","Granite",
"6","KES","Northern fur seal","rcrowdy5@spotify.com","Y-find","Steel",
"7","CTF","Oystercatcher, blackish","hmulberry6@cargocollective.com","Zamit","Glass",
"8","LUN","Red phalarope","desley7@wikimedia.org","Treeflex","Wood",
"9","SMZ","Aardwolf","dfidele8@ft.com","Namfix","Brass",
"10","GAF","Stork, jabiru","cthyng9@mozilla.org","It","Stone",
"11","OTS","Kori bustard","alutena@pcworld.com","Fixflex","Aluminum",
"12","INK","Tortoise, burmese black mountain","jwendenb@cpanel.net","Tresom","Vinyl",
"13","JBK","Wolf, mexican","dgeric@oakley.com","Regrant","Vinyl",
"14","ROK","Dragonfly, russian","bduggand@miitbeian.gov.cn","Zaam-Dox","Aluminum",
"15","BBW","Giant girdled lizard","ftrenholme@cnn.com","Aerified","Aluminum",
"16","YJP","Black and white colobus","xvonderemptenf@eepurl.com","Sonair","Plastic",
"17","NSN","Bushbaby, large-eared","qsterricksg@zdnet.com","Konklab","Rubber",
"18","TMS","Roseat flamingo","jnickersonh@ca.gov","Regrant","Rubber",
"19","HTY","Red-tailed hawk","mcastanonei@dot.gov","Span","Aluminum",
"20","TOB","Whale, baleen","somanj@tinypic.com","Wrapsafe","Granite",
"21","SCX","Brown hyena","lhavenhandk@ycombinator.com","Tresom","Plastic",
"22","YVG","Greylag goose","rvineyl@infoseek.co.jp","Holdlamis","Plexiglass",
"23","WUG","Small-clawed otter","rfeakinsm@xing.com","Namfix","Vinyl",
"24","FEB","Asian foreset tortoise","epetrovicn@telegraph.co.uk","Trippledex","Wood",
"25","TJM","Waved albatross","dpeleo@nps.gov","It","Steel",
"26","RSH","Civet, small-toothed palm","eyakuntzovp@ihg.com","Bitchip","Steel",
"27","PHD","Rose-ringed parakeet","hheatherq@google.co.uk","Subin","Steel",
"28","IIS","Blue and gold macaw","cperringtonr@ocn.ne.jp","Y-find","Brass",
"29","SUI","Gull, herring","ndionisis@sbwire.com","Cardguard","Plexiglass",
"30","LCQ","Madagascar fruit bat","hduhigt@cmu.edu","Lotlux","Plexiglass",
"31","NRS","Seal, southern elephant","cjessettu@fastcompany.com","Fixflex","Glass",
"32","CMT","Steller's sea lion","pfittv@discuz.net","Domainer","Vinyl",
"33","FDR","Falcon, prairie","hfoxw@amazon.de","Tampflex","Stone",
"34","KIU","Madagascar fruit bat","hbuttenx@japanpost.jp","Transcof","Granite",
"35","PHE","Greater sage grouse","sflorioy@economist.com","Zathin","Plastic",
"36","SBD","White-tailed jackrabbit","cchateletz@netvibes.com","Kanlam","Brass",
"37","AVB","Bird, secretary","cdabrowski10@wikispaces.com","Sonair","Vinyl",
"38","COA","Gecko, tokay","dcopeman11@globo.com","It","Plexiglass",
"39","LST","Scaly-breasted lorikeet","opitbladdo12@accuweather.com","Keylex","Wood",
"40","VIH","Sunbird, lesser double-collared","sschuler13@multiply.com","Treeflex","Glass",
"41","BTC","Turaco, violet-crested","thelversen14@guardian.co.uk","Wrapsafe","Aluminum",
"42","YRD","Kalahari scrub robin","bgeist15@biglobe.ne.jp","Alphazap","Aluminum",
"43","FBM","White-mantled colobus","ebish16@tmall.com","Zathin","Aluminum",
"44","YZY","Eastern diamondback rattlesnake","gheistermann17@weather.com","Treeflex","Vinyl",
"45","TNN","Yellow-billed hornbill","rbarnett18@alibaba.com","Bigtax","Granite",
"46","KMM","Cape white-eye","swadeling19@friendfeed.com","Toughjoyfax","Aluminum",
"47","FRT","Bee-eater, carmine","epalk1a@tuttocitta.it","Biodex","Brass",
"48","ECS","Gecko, ring-tailed","rsmy1b@imgur.com","Biodex","Granite",
"49","YPR","Crow, american","mmoodie1c@wiley.com","Cookley","Granite",
"50","MPT","Great white pelican","kpercy1d@omniture.com","Lotstring","Granite",
"51","URT","Pelican, eastern white","ranlay1e@ask.com","Aerified","Granite",
"52","GCT","Fox, pampa gray","rgrandison1f@comsenz.com","Bitwolf","Plexiglass",
"53","LKZ","Asian lion","mroyce1g@webs.com","Fix San","Plexiglass",
"54","KIL","Hen, sage","cyanele1h@archive.org","Zontrax","Glass",
"55","BRU","Shrike, southern white-crowned","ajanoch1i@java.com","Flexidy","Vinyl",
"56","CEA","Mara","cfaulds1j@ted.com","Vagram","Stone",
"57","HWN","North American porcupine","nproven1k@census.gov","Vagram","Plastic",
"58","KAJ","Waxbill, black-cheeked","ehunnywell1l@hud.gov","Zontrax","Stone",
"59","GVR","Pelican, great white","jpassler1m@google.fr","Y-find","Wood",
"60","WIU","Wallaby, euro","emaudlin1n@webnode.com","Cardify","Aluminum",
"61","BCN","Paddy heron (unidentified)","lgulland1o@aboutads.info","Pannier","Wood",
"62","JOE","Red-legged pademelon","mhebblethwaite1p@yale.edu","Bytecard","Glass",
"63","BDJ","Goose, greylag","mlanghor1q@globo.com","Hatity","Brass",
"64","CGI","Little brown bat","hmoukes1r@bloglines.com","Konklab","Steel",
"65","DRT","Turkey, wild","pastbery1s@google.com","Flexidy","Steel",
"66","SDF","Oystercatcher, blackish","mtwohig1t@purevolume.com","Tresom","Plexiglass",
"67","KMW","Bleu, blue-breasted cordon","hcoult1u@wsj.com","Konklux","Granite",
"68","TIW","Sheathbill, snowy","jfilpi1v@dailymotion.com","Tempsoft","Vinyl",
"69","PCR","Puna ibis","bbartolijn1w@newsvine.com","Holdlamis","Plastic",
"70","AXB","Tasmanian devil","rkorn1x@about.me","Fintone","Plastic",
"71","KGS","Lizard, desert spiny","mchallicombe1y@nps.gov","Treeflex","Stone",
"72","CDY","Robin, kalahari scrub","bkellock1z@techcrunch.com","Prodder","Aluminum",
"73","UIT","Agouti","nizen20@amazon.com","Ventosanzap","Vinyl",
"74","SNC","Water legaan","lletherbury21@yahoo.com","Domainer","Aluminum",
"75","MIP","Turkey, wild","rdevaen22@ted.com","Ronstring","Plastic",
"76","ISL","Woylie","jdimitriou23@flavors.me","Daltfresh","Wood",
"77","TKD","Prehensile-tailed porcupine","warney24@cnbc.com","Lotstring","Brass",
"78","EWE","Black kite","amulcaster25@linkedin.com","Prodder","Steel",
"79","NIB","Killer whale","ddadley26@google.pl","Bitwolf","Aluminum",
"80","UTS","Grey mouse lemur","jbrigham27@naver.com","Tresom","Steel",
"81","FBK","Yellow baboon","rveart28@nih.gov","Vagram","Plexiglass",
"82","ASN","Dove, mourning collared","ddoddridge29@paypal.com","Latlux","Rubber",
"83","AEQ","Jackal, black-backed","shamm2a@unc.edu","Lotlux","Stone",
"84","REE","Southern tamandua","bdwire2b@fema.gov","Flexidy","Wood",
"85","AUG","Indian jackal","ljurisch2c@squidoo.com","Zamit","Rubber",
"86","SEB","Admiral, indian red","mrigler2d@gnu.org","Kanlam","Brass",
"87","WRO","Common melba finch","tprendergast2e@shop-pro.jp","Lotlux","Rubber",
"88","MRQ","Armadillo, common long-nosed","blaying2f@amazon.co.jp","Flowdesk","Vinyl",
"89","OZH","Cougar","cgrigolli2g@jigsy.com","Stim","Wood",
"90","MEC","Asian false vampire bat","elethley2h@google.es","Y-find","Stone",
"91","QJP","Dove, laughing","bbetton2i@imgur.com","Tresom","Aluminum",
"92","PHY","Indian jackal","mjore2j@g.co","Redhold","Glass",
"93","ELX","Cape starling","mbisset2k@goo.gl","Job","Plexiglass",
"94","LUY","Eastern box turtle","ashorthouse2l@ezinearticles.com","Matsoft","Granite",
"95","YGK","American black bear","abowditch2m@usgs.gov","Keylex","Stone",
"96","RDG","Masked booby","adriffill2n@nhs.uk","Konklux","Plexiglass",
"97","TOI","White-necked raven","hbartelet2o@a8.net","Ventosanzap","Vinyl",
"98","ASP","Alligator, mississippi","idadge2p@huffingtonpost.com","Sonair","Rubber",
"99","DRN","Hyena, striped","mreimer2q@e-recht24.de","Prodder","Stone",
"100","DEF","Otter, brazilian","kstuttard2r@about.com","Zoolab","Stone",
"101","HVE","Indian red admiral","dconrard2s@cafepress.com","Zontrax","Aluminum",
"102","SXU","Black rhinoceros","gjackways2t@arstechnica.com","Latlux","Aluminum",
"103","CGZ","Black spider monkey","sduncklee2u@csmonitor.com","Flexidy","Glass",
"104","WAO","American badger","smckinley2v@vinaora.com","Biodex","Brass",
"105","VNS","Hornbill, yellow-billed","tredholls2w@cargocollective.com","Bigtax","Aluminum",
"106","BNK","African wild cat","kballard2x@elegantthemes.com","Konklux","Granite",
"107","DLR","Siskin, yellow-rumped","pkrout2y@umich.edu","Subin","Plexiglass",
"108","XTL","Phalarope, grey","ggrimble2z@cbsnews.com","It","Rubber",
"109","WKL","Greater kudu","ldominichelli30@nydailynews.com","Prodder","Steel",
"110","TAL","Common pheasant","dhabbal31@angelfire.com","Job","Wood",
"111","ZZO","Galapagos mockingbird","lgrandison32@adobe.com","Wrapsafe","Wood",
"112","GLD","Margay","bhayward33@springer.com","Gembucket","Steel",
"113","LGM","Possum, golden brush-tailed","scookney34@sogou.com","Sub-Ex","Rubber",
"114","UAP","Water legaan","mroote35@a8.net","It","Wood",
"115","UIO","Stone sheep","hbleythin36@springer.com","Fix San","Stone",
"116","VCP","Green heron","ccollcott37@pbs.org","Y-Solowarm","Stone",
"117","MAG","Galapagos tortoise","qcatt38@yandex.ru","Duobam","Plastic",
"118","KAL","Fox, pampa gray","kselland39@yandex.ru","Subin","Wood",
"119","TTH","Gecko, bent-toed","rebhardt3a@lulu.com","Voyatouch","Rubber",
"120","AZT","Heron, goliath","sbart3b@opera.com","Treeflex","Granite",
"121","HUF","Burrowing owl","ghaslocke3c@mac.com","Bigtax","Stone",
"122","NRG","Starling, red-shouldered glossy","klanchberry3d@flavors.me","Aerified","Granite",
"123","MHZ","Western palm tanager (unidentified)","rcollabine3e@bloomberg.com","Duobam","Plastic",
"124","LPJ","Woodchuck","mcossell3f@nifty.com","Duobam","Glass",
"125","GPL","Pelican, great white","tbrandoni3g@webs.com","Andalax","Stone",
"126","CIH","Galapagos albatross","lbehagg3h@cornell.edu","Biodex","Granite",
"127","YCC","Northern fur seal","cmedforth3i@people.com.cn","Vagram","Plexiglass",
"128","CPU","Black-faced kangaroo","rflaune3j@360.cn","Job","Wood",
"129","SPZ","Langur, hanuman","lgjerde3k@hhs.gov","Stronghold","Aluminum",
"130","NDC","Miner's cat","dbernaldo3l@nifty.com","Flexidy","Wood",
"131","BDN","Turkey, australian brush","ethiem3m@cnet.com","Zathin","Granite",
"132","BNX","Fox, asian red","mdevorill3n@mapy.cz","Latlux","Rubber",
"133","BCX","Brown lemur","fbarczewski3o@reverbnation.com","Fintone","Stone",
"134","WIL","Swan, black","mdoiley3p@hao123.com","Solarbreeze","Stone",
"135","YNJ","Fowl, helmeted guinea","bivins3q@youtu.be","Temp","Vinyl",
"136","NVG","Ring-tailed possum","lkornilov3r@java.com","Bigtax","Glass",
"137","TWU","Vervet monkey","cmulryan3s@imdb.com","Job","Vinyl",
"138","MFI","Frilled lizard","dpeaseman3t@goodreads.com","Stim","Plexiglass",
"139","SID","Large-eared bushbaby","jtague3u@storify.com","Zamit","Rubber",
"140","0","Magistrate black colobus","wcowlas3v@mayoclinic.com","Matsoft","Wood",
"141","KKP","Fox, pampa gray","tjakovijevic3w@wisc.edu","Bigtax","Steel",
"142","FMO","Timber wolf","dguiel3x@amazon.com","Home Ing","Wood",
"143","BGC","Boat-billed heron","adurbin3y@com.com","Latlux","Aluminum",
"144","TLK","Lourie, grey","clantoph3z@princeton.edu","Tampflex","Wood",
"145","TPG","Cormorant, flightless","akeher40@dedecms.com","Toughjoyfax","Aluminum",
"146","JCT","Black-eyed bulbul","lyearron41@ycombinator.com","Tresom","Plexiglass",
"147","PBI","Water moccasin","kpuddle42@goo.ne.jp","Trippledex","Steel",
"148","VBG","Squirrel, arctic ground","smillgate43@cornell.edu","Veribet","Vinyl",
"149","NPE","Osprey","mbultitude44@dmoz.org","Span","Aluminum",
"150","LLI","Goldeneye, common","hcasbourne45@spiegel.de","Y-Solowarm","Plexiglass",
"151","AJK","Glider, feathertail","doconnell46@newsvine.com","Konklux","Aluminum",
"152","TKE","Buttermilk snake","cmoulin47@livejournal.com","Ronstring","Glass",
"153","LYA","Cape starling","troberti48@ebay.com","Flexidy","Wood",
"154","MON","Small-toothed palm civet","mcranke49@nifty.com","Latlux","Aluminum",
"155","KSE","Jungle kangaroo","kspeenden4a@imdb.com","Hatity","Wood",
"156","PTX","White-nosed coatimundi","dpreator4b@japanpost.jp","Daltfresh","Vinyl",
"157","IRK","Iguana, common green","kladbrooke4c@issuu.com","Temp","Plexiglass",
"158","BSS","Iguana, land","zpiper4d@ustream.tv","Overhold","Plexiglass",
"159","SAK","Fairy penguin","dpaoletti4e@blinklist.com","Regrant","Plastic",
"160","OLL","Red-necked phalarope","mpatullo4f@mail.ru","Bitchip","Plastic",
"161","MDK","Otter, african clawless","fwholesworth4g@boston.com","Voltsillam","Vinyl",
"162","KCG","Red hartebeest","lhasty4h@themeforest.net","Span","Plastic",
"163","PHI","North American red fox","omckenney4i@imdb.com","Stronghold","Plastic",
"164","ODO","Ringtail, common","kwinsper4j@yellowpages.com","Aerified","Brass",
"165","MWP","Emu","hmcshirrie4k@google.com","Flexidy","Stone",
"166","GEB","Worm snake (unidentified)","ncranmore4l@hhs.gov","Alphazap","Aluminum",
"167","STK","Tern, white-winged","bpurches4m@chronoengine.com","Matsoft","Aluminum",
"168","BEY","Bird, red-billed tropic","atewnion4n@shop-pro.jp","Cardify","Rubber",
"169","TES","Blacksmith plover","cklemenz4o@jiathis.com","Bitchip","Brass",
"170","KGI","Whip-tailed wallaby","bnoye4p@yellowbook.com","Sub-Ex","Plexiglass",
"171","WUA","Snake (unidentified)","nthorn4q@nydailynews.com","Fintone","Plexiglass",
"172","LII","Malachite kingfisher","gmioni4r@deviantart.com","Veribet","Steel",
"173","PNK","Mourning collared dove","pcrewe4s@archive.org","Aerified","Vinyl",
"174","MCC","Cormorant, king","lbauckham4t@kickstarter.com","Alpha","Wood",
"175","BLW","Black-tailed prairie dog","hede4u@redcross.org","Zoolab","Vinyl",
"176","GMM","Kangaroo, eastern grey","rguidone4v@mail.ru","Voyatouch","Stone",
"177","PYV","Wolf, mexican","cliell4w@sourceforge.net","Ronstring","Glass",
"178","JRN","Barrows goldeneye","lsutlieff4x@cbsnews.com","Job","Aluminum",
"179","PGZ","Monkey, bleeding heart","asivier4y@tinyurl.com","Opela","Vinyl",
"180","QRM","Common shelduck","mleyrroyd4z@umn.edu","Bytecard","Plastic",
"181","ATK","Malabar squirrel","dfalls50@columbia.edu","Otcom","Granite",
"182","QEF","Goat, mountain","dbullen51@moonfruit.com","Keylex","Rubber",
"183","AGO","Deer, barasingha","nkippen52@uiuc.edu","Konklab","Glass",
"184","MNC","Little brown bat","ajurkiewicz53@wikia.com","Voltsillam","Wood",
"185","MDT","Butterfly (unidentified)","bbeddie54@google.pl","Prodder","Plexiglass",
"186","YDP","Canada goose","vgrayer55@skype.com","Tin","Glass",
"187","ECG","Shrike, common boubou","dtomlinson56@nifty.com","Quo Lux","Rubber",
"188","WIE","Falcon, peregrine","zlabrom57@jiathis.com","Wrapsafe","Plastic",
"189","VQQ","Common ringtail","cdallander58@blog.com","Wrapsafe","Vinyl",
"190","AKI","Squirrel, smith's bush","pcarous59@cbc.ca","Trippledex","Stone",
"191","FKL","Iguana, common green","bpacitti5a@meetup.com","Daltfresh","Glass",
"192","SJJ","Coatimundi, ring-tailed","rbowdler5b@si.edu","Job","Glass",
"193","NGL","Ox, musk","lmcgonigle5c@gizmodo.com","Bytecard","Stone",
"194","MTB","Reedbuck, bohor","bscrooby5d@bizjournals.com","Greenlam","Glass",
"195","BJL","Badger, american","gcoleridge5e@tuttocitta.it","Sonair","Steel",
"196","KYT","Crane, blue","ocrosen5f@vkontakte.ru","It","Brass",
"197","AYN","Euro wallaby","vmallalieu5g@toplist.cz","Holdlamis","Aluminum",
"198","GOL","White-throated kingfisher","tdellabbate5h@google.nl","Tin","Aluminum",
"199","PPC","White-lipped peccary","smertin5i@spiegel.de","Cardify","Glass",
"200","YHA","Sidewinder","rsiss5j@nydailynews.com","Stronghold","Brass",
"201","KAL","Northern fur seal","nwaymont5k@bloglovin.com","Fix San","Plastic",
"202","ORY","Tortoise, burmese brown mountain","marmand5l@yelp.com","Holdlamis","Steel",
"203","UCZ","Bee-eater, white-fronted","tpolo5m@cmu.edu","Cardify","Plexiglass",
"204","YLP","Turtle, long-necked","mwagenen5n@princeton.edu","Greenlam","Brass",
"205","NKT","Ring-tailed possum","rsommerville5o@wisc.edu","Wrapsafe","Vinyl",
"206","AOE","Asian lion","nmorfey5p@geocities.com","Gembucket","Glass",
"207","KWP","Spurfowl, yellow-necked","hhorry5q@youku.com","Zaam-Dox","Plexiglass",
"208","ANK","Legaan, ground","shawksby5r@arstechnica.com","Namfix","Aluminum",
"209","HHE","Cormorant, neotropic","tshotbolt5s@telegraph.co.uk","Pannier","Rubber",
"210","ADL","Common nighthawk","asyphus5t@mayoclinic.com","Bamity","Steel",
"211","RCQ","White-faced tree rat","bdellit5u@yandex.ru","Redhold","Granite",
"212","RIM","Black-cheeked waxbill","jchecchetelli5v@nhs.uk","Opela","Aluminum",
"213","OSR","Snake, green vine","mbranch5w@geocities.com","Rank","Plexiglass",
"214","OGO","Stork, greater adjutant","escurfield5x@list-manage.com","Stim","Granite",
"215","MGM","American badger","mlacheze5y@europa.eu","Fix San","Granite",
"216","BZL","Dog, black-tailed prairie","kduesbury5z@ow.ly","Wrapsafe","Plastic",
"217","XKS","Three-banded plover","eferrie60@dyndns.org","It","Granite",
"218","RBW","Flamingo, chilean","tcrispin61@flickr.com","Flexidy","Aluminum",
"219","ZGL","Ostrich","dlukianovich62@parallels.com","Job","Brass",
"220","ESD","African black crake","hfend63@chicagotribune.com","Latlux","Plastic",
"221","GWN","Badger, european","devert64@ca.gov","Domainer","Plastic",
"222","SXS","Arboral spiny rat","ahercock65@g.co","Y-find","Rubber",
"223","BDE","Small Indian mongoose","rgoose66@yandex.ru","Zamit","Rubber",
"224","DPE","Sociable weaver","bdansie67@bbc.co.uk","Konklab","Steel",
"225","CSM","Brush-tailed rat kangaroo","kbeswetherick68@angelfire.com","Bamity","Vinyl",
"226","EFL","Common wallaroo","jasee69@mail.ru","Zathin","Rubber",
"227","YKO","Russian dragonfly","fgirkins6a@wikia.com","Cardify","Glass",
"228","CHC","Crab-eating fox","rfielder6b@booking.com","Sonair","Steel",
"229","SJU","Rock dove","ndedei6c@yellowpages.com","Fixflex","Wood",
"230","KRD","Flamingo, greater","nlydford6d@huffingtonpost.com","Cardguard","Wood",
"231","KMO","Southern black-backed gull","rnel6e@reddit.com","Tampflex","Glass",
"232","YTD","Kangaroo, western grey","belcy6f@dagondesign.com","Greenlam","Wood",
"233","CLY","Dragon, asian water","vpalfreeman6g@forbes.com","Konklux","Stone",
"234","RRE","Bald eagle","esergeaunt6h@yandex.ru","Tres-Zap","Granite",
"235","BMS","Grenadier, purple","tbroadway6i@wordpress.org","Span","Steel",
"236","YVM","Australian spiny anteater","mblastock6j@businessinsider.com","Solarbreeze","Rubber",
"237","VPS","Bahama pintail","geversfield6k@economist.com","Cookley","Plastic",
"238","ETM","Lorikeet, scaly-breasted","prihanek6l@360.cn","Tin","Plexiglass",
"239","WTB","White-rumped vulture","bgrix6m@un.org","Bigtax","Granite",
"240","SKI","Red kangaroo","mledbetter6n@reuters.com","Fintone","Vinyl",
"241","HWA","Snake (unidentified)","hfirpi6o@paginegialle.it","Zathin","Granite",
"242","THN","Grizzly bear","dbrenard6p@webeden.co.uk","Bitwolf","Stone",
"243","XGG","Drongo, fork-tailed","krewbottom6q@addtoany.com","Tresom","Aluminum",
"244","BLJ","Grey heron","dstanning6r@mapquest.com","Biodex","Vinyl",
"245","WLK","Turtle (unidentified)","ryonnie6s@aboutads.info","Andalax","Plexiglass",
"246","CHJ","Gerenuk","acavil6t@ibm.com","Voyatouch","Stone",
"247","LDC","Crimson-breasted shrike","dsewley6u@pcworld.com","Holdlamis","Stone",
"248","RNM","Goose, snow","hpoxton6v@weather.com","Tresom","Stone",
"249","ZJN","Eastern indigo snake","cwoolfoot6w@kickstarter.com","Fix San","Vinyl",
"250","ING","Amazon parrot (unidentified)","warkin6x@disqus.com","Redhold","Wood",
"251","YPG","Kangaroo, red","abantock6y@merriam-webster.com","Cardify","Plastic",
"252","CCM","Lava gull","dsyder6z@bravesites.com","Flexidy","Glass",
"253","RCH","Otter, small-clawed","kcourtes70@comcast.net","Lotstring","Plastic",
"254","PZL","Possum, pygmy","pdonovan71@dagondesign.com","Redhold","Brass",
"255","HMO","American bison","ahuegett72@homestead.com","Stronghold","Granite",
"256","AVL","Otter, cape clawless","rflory73@goodreads.com","Daltfresh","Rubber",
"257","NBS","Cobra, cape","mdurman74@studiopress.com","Bytecard","Brass",
"258","QHP","Echidna, short-beaked","lnorker75@booking.com","Job","Plastic",
"259","VVO","Owl, great horned","lgallon76@e-recht24.de","Lotstring","Glass",
"260","KEL","Black curlew","lbees77@youtube.com","Regrant","Plexiglass",
"261","GLF","Tawny frogmouth","hhexum78@unesco.org","Fintone","Aluminum",
"262","HPH","Springbuck","rpetersen79@weebly.com","Stim","Plastic",
"263","HKY","Sugar glider","kkrzyzaniak7a@qq.com","Tres-Zap","Rubber",
"264","YEY","Eleven-banded armadillo (unidentified)","hduchenne7b@geocities.com","Namfix","Vinyl",
"265","BLP","Civet cat","bpyburn7c@go.com","Viva","Stone",
"266","AKC","Bird, magnificent frigate","cmuff7d@discovery.com","Lotlux","Glass",
"267","URI","North American porcupine","dtolliday7e@example.com","Y-find","Rubber",
"268","YNA","Lilac-breasted roller","cjaze7f@dagondesign.com","Daltfresh","Plastic",
"269","BEL","Tortoise, desert","heacle7g@desdev.cn","Stringtough","Stone",
"270","BSM","Moccasin, water","jstickells7h@vinaora.com","Regrant","Vinyl",
"271","PSJ","Steller's sea lion","mmcalarney7i@sphinn.com","Opela","Plastic",
"272","SIH","Cat, cape wild","sleys7j@walmart.com","Fixflex","Vinyl",
"273","HAW","Hyrax","alapley7k@wikipedia.org","Fix San","Glass",
"274","MQQ","White-throated kingfisher","roflannery7l@ucla.edu","Ronstring","Stone",
"275","WMX","Campo flicker","hpeart7m@nature.com","Konklux","Steel",
"276","JLR","Hoary marmot","ichilderhouse7n@seesaa.net","Duobam","Plexiglass",
"277","AMJ","Brown capuchin","bdudden7o@oracle.com","Stronghold","Stone",
"278","CPQ","Ass, asiatic wild","ethickett7p@marriott.com","Bitchip","Stone",
"279","HEE","Egret, snowy","rjozwiak7q@buzzfeed.com","Y-Solowarm","Brass",
"280","BNH","Klipspringer","llewry7r@senate.gov","Zathin","Granite",
"281","VGT","North American river otter","pcrosby7s@symantec.com","Fintone","Aluminum",
"282","LET","Yellow-rumped siskin","ealexsandrowicz7t@unesco.org","Lotlux","Brass",
"283","HPN","Pelican, eastern white","gadam7u@vimeo.com","Sonair","Wood",
"284","KNT","Bear, black","hbeeho7v@sciencedirect.com","Tempsoft","Vinyl",
"285","SCF","Jackal, golden","fdorr7w@patch.com","Bitwolf","Aluminum",
"286","MXH","Squirrel, european red","mlorroway7x@google.ru","Fix San","Glass",
"287","BOB","Baboon, savanna","mmesser7y@blogspot.com","Bitchip","Granite",
"288","LIR","Constrictor, eastern boa","lwisedale7z@google.com.br","Cardguard","Wood",
"289","ENO","Eastern box turtle","btopham80@yahoo.co.jp","Sonsing","Granite",
"290","DBA","Radiated tortoise","hpiatkowski81@sciencedaily.com","Gembucket","Wood",
"291","DKV","Screamer, southern","traulstone82@ask.com","Mat Lam Tam","Plastic",
"292","VPE","Gull, pacific","fcropton83@goodreads.com","Job","Plexiglass",
"293","0","Bee-eater, white-fronted","aivanshintsev84@rakuten.co.jp","Subin","Stone",
"294","KIH","European stork","pcubley85@reverbnation.com","Matsoft","Vinyl",
"295","ILO","Toddy cat","kcarvell86@google.it","Lotstring","Aluminum",
"296","KSW","Vicuna","tvanderdaal87@ucsd.edu","Cardguard","Glass",
"297","RGT","Common shelduck","bbareford88@chronoengine.com","Bytecard","Glass",
"298","CWT","Vulture, black","msimmonett89@yahoo.com","Flowdesk","Vinyl",
"299","GCK","Wild boar","tcochern8a@hud.gov","Viva","Rubber",
"300","BTQ","Bear, sloth","ssteggals8b@reddit.com","Otcom","Stone",
"301","NCN","Pied crow","balker8c@scribd.com","Sonair","Vinyl",
"302","BKU","European beaver","tsango8d@cargocollective.com","Tampflex","Plexiglass",
"303","OVD","Cormorant (unidentified)","pkretchmer8e@ebay.co.uk","Sub-Ex","Plastic",
"304","RFA","Black bear","uviner8f@prlog.org","Alpha","Steel",
"305","BJV","Worm snake (unidentified)","hmecozzi8g@noaa.gov","Stringtough","Vinyl",
"306","DEF","Eagle, white-bellied sea","cgemmell8h@china.com.cn","Sonsing","Vinyl",
"307","APH","Fox, arctic","dplampin8i@about.me","Job","Stone",
"308","KDC","Ring-tailed coatimundi","ocarvilla8j@t.co","Konklab","Steel",
"309","YOH","Bleu, red-cheeked cordon","jprothero8k@mayoclinic.com","Otcom","Rubber",
"310","OZG","Goldeneye, barrows","hreddlesden8l@nytimes.com","Job","Aluminum",
"311","CIS","Lion, australian sea","khazel8m@mapquest.com","Kanlam","Brass",
"312","DTN","Red lava crab","vfryer8n@t-online.de","Lotlux","Rubber",
"313","WAM","Australian pelican","ccolquete8o@diigo.com","Y-Solowarm","Vinyl",
"314","PAH","Tawny frogmouth","aspira8p@i2i.jp","Opela","Steel",
"315","MNY","Kori bustard","nmilan8q@merriam-webster.com","Latlux","Plexiglass",
"316","IMQ","Wildebeest, blue","brussilll8r@weather.com","Subin","Rubber",
"317","NNM","Blacksmith plover","vkibbel8s@harvard.edu","Zoolab","Steel",
"318","SHN","Goose, knob-nosed","hcastro8t@weather.com","Transcof","Vinyl",
"319","CDW","Cook's tree boa","mconlon8u@dion.ne.jp","Alpha","Plastic",
"320","BMT","Viper, egyptian","rbru8v@kickstarter.com","Prodder","Steel",
"321","KTY","Brown capuchin","vmaleby8w@webnode.com","Biodex","Rubber",
"322","KSS","Macaw, green-winged","kdurn8x@ameblo.jp","Overhold","Brass",
"323","AWZ","Starling, superb","smityushkin8y@newyorker.com","Stringtough","Steel",
"324","PGX","Grey phalarope","malekseev8z@home.pl","Gembucket","Wood",
"325","0","Stork, jabiru","mbreakspear90@ow.ly","Treeflex","Plexiglass",
"326","EGA","Stork, white-necked","cberkelay91@163.com","Cookley","Brass",
"327","LPB","Sungazer, yellow-brown","sidwalevans92@tamu.edu","Hatity","Wood",
"328","EKA","Eastern grey kangaroo","khiskey93@is.gd","Pannier","Aluminum",
"329","GWN","Heron, green","rgrabb94@bloglovin.com","Biodex","Brass",
"330","YMN","Blue-tongued skink","fcuddihy95@moonfruit.com","Bitwolf","Aluminum",
"331","SCY","Fox, bat-eared","ctrumble96@yelp.com","Otcom","Stone",
"332","JJG","Hoopoe, eurasian","cpistol97@jigsy.com","Toughjoyfax","Stone",
"333","BUU","Crane, stanley","ccreavin98@sakura.ne.jp","Fix San","Brass",
"334","WLW","Lesser flamingo","yallender99@jalbum.net","Y-Solowarm","Aluminum",
"335","AVN","Black-capped chickadee","pheare9a@tripod.com","Keylex","Plastic",
"336","BMV","Eagle, white-bellied sea","lclows9b@nytimes.com","Bitchip","Aluminum",
"337","BDY","Cormorant, pied","blyles9c@dion.ne.jp","Cardify","Plexiglass",
"338","GAQ","Levaillant's barbet","cwishkar9d@yelp.com","Zamit","Plexiglass",
"339","RUK","Skink, african","mcornford9e@oracle.com","Aerified","Plastic",
"340","HUW","Sheathbill, snowy","abonnavant9f@vkontakte.ru","Zaam-Dox","Brass",
"341","UAR","Macaque, rhesus","jborghese9g@statcounter.com","Subin","Rubber",
"342","AGQ","Indian red admiral","fjonas9h@friendfeed.com","Voyatouch","Wood",
"343","CVC","Violet-eared waxbill","fhaggath9i@1688.com","Kanlam","Steel",
"344","MTC","Eagle, long-crested hawk","qtabourel9j@comcast.net","Alpha","Brass",
"345","JUN","Blue shark","aoven9k@salon.com","Fintone","Aluminum",
"346","GAZ","Raccoon, common","utenpenny9l@howstuffworks.com","Bigtax","Glass",
"347","OSE","Red-breasted nuthatch","jgilogly9m@soup.io","Holdlamis","Rubber",
"348","EOK","Nelson ground squirrel","gcankett9n@independent.co.uk","Sonair","Granite",
"349","GLP","Colobus, white-mantled","aluna9o@photobucket.com","Tres-Zap","Wood",
"350","TTC","Stork, marabou","tsafhill9p@geocities.jp","Stim","Aluminum",
"351","ECS","Rufous tree pie","moclovan9q@mashable.com","Job","Brass",
"352","WRW","Red brocket","hbuss9r@dailymotion.com","Sub-Ex","Glass",
"353","DJM","African black crake","ecostanza9s@bravesites.com","Voltsillam","Stone",
"354","RML","Cape wild cat","ooneile9t@whitehouse.gov","Tresom","Brass",
"355","TAO","American crow","ewarboys9u@hud.gov","Treeflex","Plexiglass",
"356","CEN","Hoary marmot","astinchcombe9v@moonfruit.com","Domainer","Rubber",
"357","FDE","Dolphin, common","ejinks9w@printfriendly.com","Fixflex","Stone",
"358","SRJ","Peacock, blue","pskates9x@webs.com","Job","Vinyl",
"359","BMZ","Sugar glider","khubbold9y@gnu.org","Y-find","Plastic",
"360","CUV","Common ringtail","hherity9z@over-blog.com","Fintone","Wood",
"361","VIN","Cow, scottish highland","lmccomea0@fastcompany.com","Subin","Glass",
"362","HYL","Common pheasant","ajadosa1@amazonaws.com","Stronghold","Plexiglass",
"363","LTB","Serval","myssona2@digg.com","Prodder","Aluminum",
"364","MLE","Quoll, spotted-tailed","mwiddalla3@sun.com","Transcof","Stone",
"365","DMM","Tapir, brazilian","qkleinhauta4@guardian.co.uk","Tampflex","Aluminum",
"366","MXZ","Lemming, collared","hrameaua5@moonfruit.com","Veribet","Brass",
"367","JSK","Emu","owarrella6@4shared.com","Duobam","Plexiglass",
"368","GRP","Red-breasted nuthatch","vgoddena7@icq.com","Home Ing","Plexiglass",
"369","ARQ","Hawk, ferruginous","stourmella8@who.int","Duobam","Rubber",
"370","NKU","Frogmouth, tawny","krisbrougha9@pbs.org","Konklab","Granite",
"371","NSM","Sage hen","babbissaa@google.de","Mat Lam Tam","Aluminum",
"372","HIA","Quoll, eastern","rbuggab@godaddy.com","Lotlux","Wood",
"373","WHF","Scottish highland cow","tdominikac@wordpress.org","Sub-Ex","Plastic",
"374","VOH","Common rhea","jkeniwellad@intel.com","Duobam","Steel",
"375","SBS","Alligator, mississippi","jsimonassiae@about.me","Flexidy","Aluminum",
"376","SRN","Seal, common","gdowreyaf@paginegialle.it","Span","Granite",
"377","WTO","Cape fox","whandoverag@ustream.tv","Hatity","Steel",
"378","LRB","Zebra, plains","lsiveyerah@amazon.co.uk","Fix San","Granite",
"379","FYJ","Bustard, denham's","mherreroai@surveymonkey.com","Treeflex","Wood",
"380","PNX","Goanna lizard","arawlisonaj@123-reg.co.uk","Ronstring","Stone",
"381","WYN","African fish eagle","aveschiak@who.int","Fix San","Stone",
"382","SOJ","Sandpiper, spotted wood","agaythwaiteal@slate.com","Keylex","Plastic",
"383","KPY","Fox, cape","lmacquarrieam@engadget.com","Zaam-Dox","Glass",
"384","IXB","Ferruginous hawk","umoffettan@etsy.com","Bamity","Steel",
"385","SDF","Magnificent frigate bird","msantao@irs.gov","Opela","Plexiglass",
"386","DGO","Butterfly, canadian tiger swallowtail","ksolonap@nationalgeographic.com","Opela","Brass",
"387","MXV","Goose, knob-nosed","hpulleraq@admin.ch","Cardify","Stone",
"388","PCL","Black kite","cgernierar@google.ru","Mat Lam Tam","Granite",
"389","LYS","Malabar squirrel","dlorrymanas@sfgate.com","Zoolab","Aluminum",
"390","PGF","Stork, greater adjutant","scaplenat@devhub.com","Greenlam","Plexiglass",
"391","GDP","Bohor reedbuck","lmarhamau@amazon.com","Zoolab","Granite",
"392","AYW","Monkey, rhesus","eiddendenav@admin.ch","Bytecard","Steel",
"393","AUU","Cattle egret","jleduraw@51.la","Tres-Zap","Wood",
"394","OMA","Polar bear","odoolerax@japanpost.jp","Cookley","Vinyl",
"395","EED","Rhea, common","mtarveray@comcast.net","Namfix","Aluminum",
"396","BMU","Pale white-eye","fpreedyaz@symantec.com","It","Granite",
"397","TEE","Skunk, western spotted","rsturmeyb0@ucoz.com","Andalax","Aluminum",
"398","CLQ","African bush squirrel","jperrinb1@ifeng.com","Bigtax","Aluminum",
"399","VVN","Capuchin, weeper","natleyb2@delicious.com","Solarbreeze","Plexiglass",
"400","PNL","Lion, australian sea","gsambellb3@angelfire.com","Zathin","Rubber",
"401","MJW","Western spotted skunk","jbowditchb4@msn.com","Cookley","Plastic",
"402","BSE","Fox, arctic","sstanboroughb5@bing.com","Matsoft","Plastic",
"403","AAX","Squirrel, red","mcolvillb6@vistaprint.com","Veribet","Plastic",
"404","LDZ","Springhare","jwinleyb7@telegraph.co.uk","Kanlam","Vinyl",
"405","RMG","Pigeon, feral rock","cvarahb8@sphinn.com","Cookley","Brass",
"406","QGU","Tokay gecko","hscraggsb9@google.es","Prodder","Plastic",
"407","OVE","Stanley crane","mbiddlestoneba@samsung.com","Mat Lam Tam","Plexiglass",
"408","RAV","Wildebeest, blue","ijessbb@timesonline.co.uk","Wrapsafe","Steel",
"409","EQS","Hoopoe, eurasian","dcalderobc@sciencedaily.com","Opela","Stone",
"410","YWB","Waxbill, black-cheeked","lmathousebd@java.com","Hatity","Plastic",
"411","GSA","Common wolf","msoutarbe@multiply.com","Job","Brass",
"412","RNR","Weaver, sociable","kedmandbf@irs.gov","Hatity","Aluminum",
"413","SHW","Kingfisher, malachite","pwiddopbg@bandcamp.com","Prodder","Plexiglass",
"414","UND","Polar bear","cmackettbh@linkedin.com","Job","Glass",
"415","PZK","Small-spotted genet","eglassfordbi@eepurl.com","Stronghold","Vinyl",
"416","GBG","Mule deer","mlarivebj@google.it","Andalax","Glass",
"417","LCD","American beaver","datwillbk@deviantart.com","Matsoft","Vinyl",
"418","BOJ","Savannah deer (unidentified)","spurdonbl@odnoklassniki.ru","Zontrax","Glass",
"419","CFH","Bennett's wallaby","ftollebm@ca.gov","Andalax","Granite",
"420","VQS","Rhea, gray","cedwardsbn@who.int","Hatity","Rubber",
"421","NNU","Otter, small-clawed","evealbo@ucoz.ru","Temp","Glass",
"422","FUK","Racer, american","nnealebp@meetup.com","Trippledex","Plastic",
"423","KOM","Rock dove","dlambertsonbq@home.pl","Vagram","Rubber",
"424","KLQ","Mexican boa","bbollinbr@yellowpages.com","Zaam-Dox","Plastic",
"425","XIQ","Shrike, common boubou","jrandbs@soundcloud.com","Ronstring","Rubber",
"426","SKX","Bear, sloth","kshambrookbt@scientificamerican.com","Stim","Aluminum",
"427","SLN","Tarantula","elargenbu@mozilla.com","Cardguard","Steel",
"428","PED","Asian red fox","caldwickbv@privacy.gov.au","Sonsing","Plastic",
"429","LNJ","Rhinoceros, square-lipped","ezanuttibw@networkadvertising.org","Fixflex","Glass",
"430","SDE","Spectacled caiman","esteelbx@goo.gl","Fixflex","Glass",
"431","CUL","Flamingo, lesser","jokellyby@guardian.co.uk","Zaam-Dox","Plastic",
"432","JSM","Screamer, southern","bflanniganbz@google.de","Daltfresh","Steel",
"433","CJB","Brazilian tapir","gharcourtc0@surveymonkey.com","Tres-Zap","Brass",
"434","JOH","Neotropic cormorant","mrainsc1@yelp.com","Flowdesk","Wood",
"435","MHZ","Springbuck","cbattmanc2@taobao.com","Fintone","Granite",
"436","HBE","Collared peccary","dgorglc3@telegraph.co.uk","Greenlam","Wood",
"437","WAZ","White-tailed deer","jwhorfc4@meetup.com","Andalax","Brass",
"438","EBD","White-fronted bee-eater","mtonbyec5@gravatar.com","It","Vinyl",
"439","ATN","Burchell's gonolek","cgullc6@mozilla.org","Lotstring","Plastic",
"440","RXS","Sheathbill, snowy","ebewickec7@economist.com","It","Rubber",
"441","RHV","South American meadowlark (unidentified)","bpizeyc8@so-net.ne.jp","Viva","Granite",
"442","MKI","Red-headed woodpecker","lrubinowitschc9@omniture.com","Sub-Ex","Plexiglass",
"443","SYF","Cormorant, great","lashmoleca@people.com.cn","Trippledex","Brass",
"444","LFW","Black-capped capuchin","cgamblecb@census.gov","Hatity","Brass",
"445","WAQ","White-tailed jackrabbit","rgillorancc@google.cn","Temp","Glass",
"446","ATT","Platypus","ifealycd@devhub.com","Stim","Vinyl",
"447","REZ","Cockatoo, sulfur-crested","fouslemce@domainmarket.com","Asoka","Steel",
"448","PIW","Deer, swamp","rhuxstepcf@biblegateway.com","Zontrax","Granite",
"449","KCJ","Galapagos dove","ihawtreycg@smugmug.com","Kanlam","Plastic",
"450","UAH","Common nighthawk","nbowlingch@epa.gov","Rank","Glass",
"451","CAV","Seal, common","jmckevittci@independent.co.uk","Solarbreeze","Vinyl",
"452","ABV","Brazilian otter","kjoviciccj@tamu.edu","Bamity","Wood",
"453","OHI","Langur, gray","spennicottck@dmoz.org","Sub-Ex","Vinyl",
"454","RCK","Great horned owl","laxcellcl@amazon.com","Ventosanzap","Rubber",
"455","VLG","Beisa oryx","hdenleycm@paypal.com","Sonair","Rubber",
"456","KDX","Blue-footed booby","ntrenholmcn@edublogs.org","Tresom","Wood",
"457","HNH","Cat, cape wild","noggerco@rakuten.co.jp","Zontrax","Glass",
"458","OBM","Indian tree pie","cnataliecp@aboutads.info","Job","Plastic",
"459","FMO","Dove, ring","sbaystoncq@google.com","Ventosanzap","Steel",
"460","NLK","Indian giant squirrel","mmacconnellcr@wunderground.com","Sonsing","Stone",
"461","RDD","Red-billed toucan","rtweedycs@bloglovin.com","Redhold","Glass",
"462","EMA","Ox, musk","dhacquardct@shinystat.com","Sonair","Granite",
"463","PRR","Wombat, common","ewhiskerdcu@springer.com","Span","Vinyl",
"464","NGZ","Sandhill crane","jholdforthcv@google.de","Daltfresh","Plastic",
"465","TEM","African pied wagtail","lvickcw@cam.ac.uk","Zaam-Dox","Brass",
"466","GGD","Phalarope, red","mlemoucheuxcx@paypal.com","Ventosanzap","Plexiglass",
"467","LVL","Heron, gray","bbasnettcy@utexas.edu","It","Brass",
"468","EMP","Green-backed heron","hdranfieldcz@scientificamerican.com","Tresom","Plastic",
"469","BOY","Prairie falcon","jmcnirlind0@dagondesign.com","Bitchip","Aluminum",
"470","XEN","Rhinoceros, black","rfablerd1@ezinearticles.com","Tampflex","Plexiglass",
"471","VDZ","White-throated toucan","ecridlind2@flavors.me","Domainer","Glass",
"472","UIZ","Brown antechinus","cwinspard3@illinois.edu","Tin","Brass",
"473","IBI","Common seal","sdobrowolnyd4@amazon.com","Matsoft","Plexiglass",
"474","ASH","Civet, common palm","hmcmahond5@jigsy.com","Hatity","Steel",
"475","CLK","Slender loris","wgiraldod6@ft.com","Treeflex","Plastic",
"476","ABG","Sociable weaver","lmcevoyd7@toplist.cz","Span","Stone",
"477","GAT","Kongoni","aewbanckd8@ocn.ne.jp","Vagram","Aluminum",
"478","MCW","Shrike, southern white-crowned","ahumberstoned9@jugem.jp","Prodder","Brass",
"479","CMJ","Cat, kaffir","fhehirda@blogger.com","Flexidy","Rubber",
"480","WMN","Squirrel, uinta ground","cciobutarudb@dedecms.com","Bitchip","Brass",
"481","RSJ","Wallaby, dama","jfirbydc@yellowpages.com","Subin","Vinyl",
"482","CUJ","Malabar squirrel","vgildeadd@biglobe.ne.jp","Stronghold","Brass",
"483","DEI","Wild boar","acluede@mozilla.org","Andalax","Granite",
"484","BYN","Rat, white-faced tree","aconduitdf@w3.org","Ronstring","Rubber",
"485","ZIG","Golden-mantled ground squirrel","acastiglionidg@boston.com","Y-find","Steel",
"486","RRT","Denham's bustard","gcaswilldh@yandex.ru","Duobam","Wood",
"487","IQQ","Southern right whale","rsuggdi@cargocollective.com","Temp","Rubber",
"488","CYS","Red and blue macaw","wmalyandj@woothemes.com","Tres-Zap","Vinyl",
"489","VNT","Legaan, ground","vwingdk@elegantthemes.com","Regrant","Brass",
"490","DSV","Mocking cliffchat","sdunnetdl@biblegateway.com","Regrant","Plastic",
"491","YOE","Comb duck","ngreguoldm@t.co","Kanlam","Wood",
"492","HDB","Lapwing, southern","fvorleydn@mysql.com","Tres-Zap","Plastic",
"493","PAL","Tyrant flycatcher","ascoreydo@independent.co.uk","Fixflex","Vinyl",
"494","DLE","Toucan, red-billed","probertellidp@barnesandnoble.com","Prodder","Granite",
"495","PCC","Red-breasted cockatoo","ljoredq@webeden.co.uk","Voltsillam","Wood",
"496","BZN","Sandpiper, spotted wood","wcarissdr@columbia.edu","Fintone","Aluminum",
"497","COR","Dolphin, bottle-nose","hcurryds@about.me","Vagram","Aluminum",
"498","BWH","Lion, galapagos sea","rshambrookdt@csmonitor.com","Opela","Plexiglass",
"499","DCM","Capuchin, brown","camooredu@sina.com.cn","Viva","Glass",
"500","SCD","Southern tamandua","kwrothdv@mozilla.com","Quo Lux","Glass",
"501","SCK","Spurfowl, yellow-necked","gcomizzolidw@fotki.com","Cardify","Plexiglass",
"502","MGX","Puma, south american","wlipprosedx@a8.net","Tin","Plexiglass",
"503","FKS","Jackal, silver-backed","cleakedy@marketwatch.com","Fixflex","Granite",
"504","YMD","Southern tamandua","jthurmandz@istockphoto.com","Bitwolf","Glass",
"505","SXX","Feathertail glider","dhathwoode0@nyu.edu","Transcof","Plastic",
"506","KBR","Kirk's dik dik","cthurlbye1@prlog.org","Greenlam","Plexiglass",
"507","TSQ","Mountain goat","ldeinerte2@multiply.com","Prodder","Steel",
"508","VLS","Gazer, sun","amalinsone3@behance.net","Sonsing","Aluminum",
"509","AEQ","Armadillo, nine-banded","glaynee4@flickr.com","Domainer","Wood",
"510","KNK","Vine snake (unidentified)","kpadsone5@naver.com","Opela","Granite",
"511","ZSA","Blue crane","fhazeltone6@google.com.au","Vagram","Brass",
"512","AAH","Western spotted skunk","ahemerete7@biglobe.ne.jp","Zaam-Dox","Vinyl",
"513","INV","Legaan, water","acushione8@oracle.com","Tresom","Plastic",
"514","MTM","Fox, grey","bcrosbiee9@freewebs.com","Holdlamis","Steel",
"515","TDV","Galapagos dove","tdunstoneea@admin.ch","Hatity","Rubber",
"516","GKT","Snake, green vine","elenardeb@noaa.gov","Tampflex","Rubber",
"517","RVK","Bulbul, african red-eyed","odabelsec@globo.com","Trippledex","Stone",
"518","MDH","Devil, tasmanian","ashickleed@mayoclinic.com","Flexidy","Rubber",
"519","BIJ","Mountain goat","cblacktinee@nature.com","Tempsoft","Vinyl",
"520","FLX","Olive baboon","gjenneref@theglobeandmail.com","Tresom","Rubber",
"521","USM","Sheep, stone","prampleeeg@xinhuanet.com","Regrant","Rubber",
"522","AHT","Wild boar","apitneyeh@bing.com","Aerified","Stone",
"523","DCF","Carmine bee-eater","nbackeei@51.la","Alphazap","Aluminum",
"524","KMZ","Anteater, giant","srenej@google.es","Trippledex","Brass",
"525","MKZ","Dove, mourning collared","gmacneilek@prnewswire.com","Tempsoft","Aluminum",
"526","MCP","White-faced whistling duck","dworralel@accuweather.com","Hatity","Aluminum",
"527","DOA","Gray heron","tkynsonem@opera.com","Overhold","Rubber",
"528","CMG","Yellow-billed hornbill","semsleyen@dagondesign.com","Tampflex","Aluminum",
"529","SUZ","Eastern quoll","cpigfordeo@gravatar.com","Stringtough","Plastic",
"530","LEQ","Crane, blue","ecarrabottep@scientificamerican.com","Otcom","Glass",
"531","RSX","Shrew, mandras tree","nmckinlesseq@nasa.gov","Tin","Plexiglass",
"532","TDG","Red phalarope","bhastingser@zimbio.com","Bamity","Plastic",
"533","WAF","Bulbul, black-eyed","tmenhames@themeforest.net","Home Ing","Granite",
"534","OUN","Wallaby, whip-tailed","rklaveset@github.io","Zamit","Vinyl",
"535","AKU","Sheep, stone","wlittlereu@webs.com","Domainer","Steel",
"536","TAC","Tropical buckeye butterfly","chitzmannev@g.co","Stim","Plexiglass",
"537","CUQ","Lion, galapagos sea","gfrayneew@miitbeian.gov.cn","Domainer","Glass",
"538","CXH","Pigeon, feral rock","mhysomex@wufoo.com","Opela","Wood",
"539","EYL","Curve-billed thrasher","kmarshmaney@vinaora.com","Domainer","Plastic",
"540","YYA","Desert spiny lizard","ldanielovitchez@hatena.ne.jp","Aerified","Plexiglass",
"541","ULV","Shrike, common boubou","avallentinf0@java.com","Wrapsafe","Stone",
"542","MPT","Elephant, african","yagettf1@shutterfly.com","Voyatouch","Brass",
"543","PHB","Bustard, denham's","gissacofff2@disqus.com","Tres-Zap","Vinyl",
"544","CVM","Bird, bare-faced go away","gtomasinif3@aboutads.info","Stim","Vinyl",
"545","BWI","Squirrel, grey-footed","tlucockf4@exblog.jp","Veribet","Stone",
"546","GGL","Stork, white-necked","ncollumbellf5@360.cn","Hatity","Wood",
"547","WRA","Galapagos hawk","hfitzroyf6@uiuc.edu","Flowdesk","Brass",
"548","VAO","Indian star tortoise","ldavidovicf7@amazonaws.com","Zathin","Wood",
"549","ROB","Purple grenadier","cassantef8@scientificamerican.com","Zoolab","Granite",
"550","EAR","African bush squirrel","spetrovicf9@php.net","Greenlam","Glass",
"551","TTR","Amazon parrot (unidentified)","jphebeefa@github.com","Tampflex","Granite",
"552","WAN","Squirrel, richardson's ground","tetheringtonfb@bloomberg.com","Lotstring","Plexiglass",
"553","KFS","Blesbok","slivseyfc@zdnet.com","Andalax","Glass",
"554","ZHM","Two-toed sloth","llynesfd@live.com","Andalax","Granite",
"555","HHQ","Asian false vampire bat","wpenzerfe@microsoft.com","It","Aluminum",
"556","BAV","Dove, galapagos","tfelceff@pcworld.com","Job","Brass",
"557","KUU","Steller sea lion","khuguesfg@freewebs.com","Subin","Wood",
"558","0","Robin, white-throated","mmurfordfh@intel.com","Biodex","Plastic",
"559","PRV","Mountain lion","kjackettfi@timesonline.co.uk","Rank","Plastic",
"560","ZGS","Red hartebeest","kcollisfj@drupal.org","Home Ing","Aluminum",
"561","STB","Bleu, blue-breasted cordon","relcombefk@ucla.edu","Ronstring","Brass",
"562","HIJ","Fox, pampa gray","wcasarolifl@lulu.com","Toughjoyfax","Rubber",
"563","CYF","Asian red fox","aconstanzafm@ted.com","Voyatouch","Glass",
"564","VIS","American marten","grouthamfn@moonfruit.com","Voltsillam","Rubber",
"565","LOQ","Grey mouse lemur","cflowerdenfo@reverbnation.com","Rank","Plexiglass",
"566","BVL","Australian magpie","svoelkerfp@i2i.jp","Home Ing","Steel",
"567","CUT","Common rhea","mwingatefq@wp.com","Treeflex","Granite",
"568","WLR","Starling, red-shouldered glossy","ddovydenasfr@over-blog.com","Andalax","Glass",
"569","SSG","Goose, snow","mwattingfs@google.ru","Gembucket","Aluminum",
"570","PUD","Sambar","rshakeladyft@answers.com","Greenlam","Glass",
"571","FAU","Bird (unidentified)","gchaimsonfu@phpbb.com","Bitchip","Aluminum",
"572","ALV","Sulfur-crested cockatoo","rkytleyfv@prlog.org","Konklab","Brass",
"573","ZYL","European spoonbill","vodoghestyfw@imdb.com","Hatity","Plastic",
"574","NGD","Galapagos sea lion","aconlonfx@irs.gov","Bitwolf","Stone",
"575","VVI","Raccoon dog","dwaitlandfy@friendfeed.com","Flowdesk","Glass",
"576","SJL","Mongoose, eastern dwarf","vthainefz@toplist.cz","Daltfresh","Wood",
"577","OVG","Civet cat","gduchartg0@wsj.com","Konklab","Wood",
"578","GRN","American badger","pginglesg1@people.com.cn","Stronghold","Plastic",
"579","AUX","Boar, wild","dtanbyg2@statcounter.com","Bytecard","Wood",
"580","STT","Cobra, cape","tmcnickleg3@businessweek.com","Toughjoyfax","Glass",
"581","CZM","Fox, blue","mdibiaggig4@nymag.com","Stringtough","Wood",
"582","BBU","Sportive lemur","chalsteadg5@trellian.com","Opela","Plastic",
"583","DLV","Woodrat (unidentified)","sskeechg6@sciencedirect.com","Fintone","Aluminum",
"584","RHN","Heron, boat-billed","ibonettg7@moonfruit.com","Tin","Wood",
"585","YGC","Blue duck","zkeang8@netscape.com","Zoolab","Vinyl",
"586","BMX","Denham's bustard","mgashiong9@yelp.com","Temp","Plastic",
"587","JTI","Egret, great","swickenga@t.co","Treeflex","Vinyl",
"588","HGD","Yellow-bellied marmot","kglavingb@ft.com","Matsoft","Stone",
"589","VTN","Mississippi alligator","pinglefieldgc@chron.com","Voyatouch","Plexiglass",
"590","YLL","Crested bunting","locahsedygd@dailymotion.com","Daltfresh","Brass",
"591","AFY","Trotter, lily","lfrancelloge@nytimes.com","Kanlam","Brass",
"592","GND","Dragonfly, russian","aforbesgf@hao123.com","Wrapsafe","Rubber",
"593","ILA","Small-clawed otter","dnuttallgg@smugmug.com","Zontrax","Vinyl",
"594","MZL","Shrike, crimson-breasted","soxberrygh@comcast.net","Redhold","Steel",
"595","OBN","Red brocket","fboichgi@geocities.jp","Sub-Ex","Glass",
"596","SGL","White-necked raven","lthirtlegj@dmoz.org","Quo Lux","Plexiglass",
"597","BWB","Squirrel glider","rpostlethwaitegk@marketwatch.com","Kanlam","Steel",
"598","BKX","Gull, lava","mdupreegl@gnu.org","Mat Lam Tam","Rubber",
"599","BDE","Magellanic penguin","cbeilbygm@goo.ne.jp","Latlux","Glass",
"600","YBC","Asian red fox","foxboroughgn@msu.edu","Quo Lux","Wood",
"601","TR7","Marine iguana","renstengo@myspace.com","Cardify","Granite",
"602","BER","Cliffchat, mocking","fcanegp@bloglovin.com","Voltsillam","Rubber",
"603","AIU","Mongoose, eastern dwarf","gcullingfordgq@marriott.com","Cookley","Brass",
"604","GHF","Capuchin, white-fronted","dborrillgr@dropbox.com","Kanlam","Brass",
"605","CFT","Crow, house","eellingfordgs@globo.com","Keylex","Glass",
"606","OMD","Goose, snow","rpannamangt@oakley.com","Bitchip","Plastic",
"607","AFF","Monitor, water","cwansburygu@vk.com","Quo Lux","Stone",
"608","HXD","Cobra (unidentified)","frhoddiegv@hp.com","Ronstring","Wood",
"609","WKF","Brolga crane","kspyergw@ibm.com","Bitwolf","Vinyl",
"610","MPL","Armadillo, seven-banded","jkitmangx@ovh.net","Regrant","Aluminum",
"611","LNK","Kite, black","cgildinggy@adobe.com","Overhold","Plexiglass",
"612","AKJ","Squirrel, grey-footed","lisaaksohngz@auda.org.au","Opela","Stone",
"613","IXU","Coatimundi, white-nosed","mstodarth0@mapy.cz","Stringtough","Stone",
"614","BDO","Gulls (unidentified)","lmatzelh1@msu.edu","Flexidy","Brass",
"615","FRJ","Hornbill, southern ground","gtollh2@cargocollective.com","Zamit","Wood",
"616","BCC","African bush squirrel","iheninghamh3@census.gov","Zathin","Aluminum",
"617","KJP","Wallaby, river","kcanacotth4@ustream.tv","Tempsoft","Steel",
"618","AVI","Waxbill, black-cheeked","sdulwichh5@i2i.jp","Bytecard","Brass",
"619","TNZ","Nutcracker, clark's","tstuth6@seesaa.net","Tampflex","Plexiglass",
"620","PKP","Trumpeter, green-winged","lwarnesh7@google.de","Trippledex","Steel",
"621","CBT","Quoll, spotted-tailed","chapperth8@tinypic.com","Stim","Wood",
"622","BMQ","Red-tailed wambenger","fetchinghamh9@blogspot.com","Viva","Aluminum",
"623","YQS","Anteater, australian spiny","jchalliceha@dedecms.com","Aerified","Aluminum",
"624","DAY","Square-lipped rhinoceros","afusthb@gmpg.org","Domainer","Plexiglass",
"625","JUN","Oryx, beisa","hrobardhc@qq.com","Duobam","Wood",
"626","GDC","Black and white colobus","dbaynamhd@tmall.com","Span","Rubber",
"627","LKY","Barasingha deer","ududinhe@prweb.com","Bamity","Rubber",
"628","WYE","Green vine snake","ldeathhf@1688.com","Konklab","Stone",
"629","RCT","Cereopsis goose","rbradshawhg@deviantart.com","Keylex","Steel",
"630","VRL","Zorilla","charsehh@behance.net","Solarbreeze","Stone",
"631","SQT","Clark's nutcracker","lhartridgehi@marriott.com","Y-find","Stone",
"632","CRJ","White-throated robin","hjessetthj@acquirethisname.com","Span","Plexiglass",
"633","WSX","Tarantula","kbeckeyhk@purevolume.com","Ronstring","Granite",
"634","DUE","Spider, wolf","lsainthl@unblog.fr","Y-Solowarm","Wood",
"635","YSO","Baleen whale","akilfordhm@yahoo.com","Fintone","Granite",
"636","ENW","Ibis, glossy","ggarforthhn@1688.com","Lotlux","Vinyl",
"637","FKB","Python (unidentified)","amacknishho@about.me","Otcom","Plastic",
"638","SHS","Vulture, white-rumped","theadonhp@posterous.com","Toughjoyfax","Stone",
"639","CEN","Common eland","lskillenhq@twitter.com","Latlux","Rubber",
"640","ISI","Roseate cockatoo","hlittleoverhr@ihg.com","Tampflex","Plexiglass",
"641","SNP","Pine siskin","fcolatonhs@reference.com","Fix San","Rubber",
"642","FAZ","Flying fox (unidentified)","bsympsonht@wordpress.com","Zathin","Aluminum",
"643","COE","Horned rattlesnake","cloderhu@google.es","Biodex","Rubber",
"644","OBC","Baleen whale","lsaicehv@blogspot.com","Overhold","Rubber",
"645","AFY","Eastern indigo snake","acrenshawhw@skype.com","Stronghold","Glass",
"646","MBD","Silver gull","mcabenahx@ehow.com","Stringtough","Brass",
"647","0","Common melba finch","lwillarshy@businessweek.com","Cardify","Glass",
"648","BKS","Kalahari scrub robin","eguddehz@mayoclinic.com","Veribet","Brass",
"649","AYD","Golden brush-tailed possum","bspurdlei0@cocolog-nifty.com","Transcof","Aluminum",
"650","RSH","Bengal vulture","edallaghani1@arstechnica.com","Biodex","Brass",
"651","UIP","African pied wagtail","lbrandsi2@thetimes.co.uk","Keylex","Wood",
"652","CAK","Booby, blue-footed","jickovicii3@techcrunch.com","Daltfresh","Steel",
"653","KSW","American crow","lcleali4@adobe.com","Stim","Stone",
"654","XLW","Cormorant, king","arabidgei5@bbb.org","Matsoft","Plexiglass",
"655","OHE","Caracara, yellow-headed","ckopeckai6@goodreads.com","Opela","Granite",
"656","TBK","Alpaca","wdeverauxi7@paginegialle.it","Mat Lam Tam","Granite",
"657","ANF","European red squirrel","abrandinoi8@cmu.edu","Voyatouch","Granite",
"658","LRV","Common langur","vbeckensalli9@twitpic.com","Wrapsafe","Plexiglass",
"659","WLW","Kaffir cat","cdalemania@earthlink.net","Kanlam","Granite",
"660","XAL","Ferruginous hawk","emcgiffinib@amazon.co.jp","Tin","Stone",
"661","BUW","Red-cheeked cordon bleu","vwasielic@smh.com.au","Veribet","Brass",
"662","MBT","Giant anteater","jroonyid@deviantart.com","Opela","Aluminum",
"663","TMO","Robin, white-throated","dpiechaie@omniture.com","Mat Lam Tam","Plastic",
"664","APO","Penguin, galapagos","rreinardif@wikimedia.org","Sonair","Wood",
"665","PBN","Rhesus monkey","lbeardowig@domainmarket.com","Duobam","Granite",
"666","LCD","Hoopoe, eurasian","bgrzelakih@parallels.com","Ventosanzap","Steel",
"667","HKK","Pied crow","fburdounii@purevolume.com","Wrapsafe","Plastic",
"668","BFN","Kafue flats lechwe","rgrigoreij@irs.gov","Solarbreeze","Granite",
"669","ETS","Flamingo, roseat","pcardenosaik@wordpress.org","Veribet","Wood",
"670","XMW","Alligator, mississippi","jwahneril@sourceforge.net","Tampflex","Plexiglass",
"671","GRV","Zorro, common","hmatteoniim@i2i.jp","Alpha","Aluminum",
"672","HUS","Fisher","aticein@opera.com","Konklab","Granite",
"673","TRN","Baboon, olive","aklassmannio@naver.com","Andalax","Vinyl",
"674","KAM","Meerkat, red","cstubbingtonip@paypal.com","Sonair","Stone",
"675","GBG","Brazilian otter","cstuffinsiq@cisco.com","Sonsing","Aluminum",
"676","ZAM","Common grenadier","hmanaghir@bbc.co.uk","Flowdesk","Brass",
"677","BJD","Hornbill, yellow-billed","fkeatesis@google.com","Alpha","Brass",
"678","YAC","Arctic ground squirrel","dainleyit@webeden.co.uk","Bitwolf","Wood",
"679","PLO","Beaver, eurasian","afilpoiu@europa.eu","Sonsing","Aluminum",
"680","PHQ","Reindeer","clestrangeiv@amazon.co.uk","Alpha","Plexiglass",
"681","DNA","Trumpeter, green-winged","jiozefovichiw@hhs.gov","Konklux","Granite",
"682","SPY","Echidna, short-beaked","shutfieldix@fc2.com","Tres-Zap","Steel",
"683","AOK","European shelduck","bburdettiy@fastcompany.com","Cardguard","Plexiglass",
"684","ESL","Greater adjutant stork","btaysbiliz@dell.com","Sonsing","Rubber",
"685","VII","Red brocket","cluttgertj0@paginegialle.it","Opela","Brass",
"686","SJX","Waxbill, violet-eared","tchampleyj1@twitpic.com","Bytecard","Rubber",
"687","AVX","Black and white colobus","lmcgenisj2@bravesites.com","Prodder","Granite",
"688","COD","Pigeon, feral rock","ekleselj3@blinklist.com","Y-Solowarm","Wood",
"689","CGD","Mouflon","wharmestonj4@icq.com","Home Ing","Steel",
"690","ERE","Gemsbok","jduncombej5@barnesandnoble.com","Zontrax","Vinyl",
"691","XES","Badger, honey","omurnamej6@icio.us","Zoolab","Aluminum",
"692","0","Giant otter","nvilej7@taobao.com","Matsoft","Vinyl",
"693","DNI","European spoonbill","dgyngellj8@amazonaws.com","Temp","Steel",
"694","BVI","Western grey kangaroo","bpartingtonj9@bluehost.com","Latlux","Brass",
"695","EVN","Kookaburra, laughing","mwaitlandja@unesco.org","Solarbreeze","Rubber",
"696","YTJ","Tokay gecko","rpegdenjb@canalblog.com","Lotstring","Brass",
"697","WMD","Boa, emerald green tree","agrzelczakjc@dailymotion.com","Tampflex","Aluminum",
"698","YHK","Killer whale","dvanarsdalejd@marketwatch.com","Toughjoyfax","Plastic",
"699","KEO","Lesser double-collared sunbird","gpettifordje@samsung.com","Voyatouch","Glass",
"700","TAM","Dassie","dhoundsonjf@is.gd","Prodder","Glass",
"701","GGC","Greater kudu","sjendrachjg@etsy.com","Hatity","Plexiglass",
"702","BTJ","Sambar","apowtonjh@fastcompany.com","Asoka","Granite",
"703","NOV","Opossum, american virginia","rsharvellji@wisc.edu","Fixflex","Vinyl",
"704","PTA","Black-backed magpie","cdarrigojj@gizmodo.com","Solarbreeze","Stone",
"705","YAX","Ibis, sacred","jmchanjk@weebly.com","Zontrax","Stone",
"706","GBU","Giant anteater","bairyjl@shop-pro.jp","Keylex","Brass",
"707","IAN","Galapagos mockingbird","sjoiscejm@amazon.co.uk","Y-find","Aluminum",
"708","YWR","Brown lemur","wfirminjn@reverbnation.com","Subin","Plexiglass",
"709","CET","Black-footed ferret","ecordyjo@paypal.com","Domainer","Rubber",
"710","JRB","Tammar wallaby","mstringmanjp@theatlantic.com","Sonsing","Wood",
"711","URT","Puma, south american","egusneyjq@engadget.com","Tin","Brass",
"712","OGB","Shrew, mandras tree","lgiacomuccijr@photobucket.com","Voyatouch","Granite",
"713","ZGF","Gray duiker","ljansemajs@indiatimes.com","Ronstring","Stone",
"714","BAN","Phalarope, northern","emckayjt@hp.com","Tin","Granite",
"715","CPE","Brazilian otter","ksprittju@shareasale.com","Quo Lux","Wood",
"716","SCC","Brown lemur","bbeesleyjv@macromedia.com","Bamity","Rubber",
"717","SCP","Laughing kookaburra","ljergerjw@squidoo.com","Voyatouch","Steel",
"718","IDO","Gull, lava","akleinjx@reuters.com","Solarbreeze","Granite",
"719","PIX","Black-winged stilt","svealjy@sfgate.com","Stronghold","Plexiglass",
"720","IHC","Bustard, denham's","abarbeyjz@i2i.jp","It","Glass",
"721","YHM","Knob-nosed goose","jodamsk0@dion.ne.jp","Job","Wood",
"722","RET","Wolf, mexican","dyurovk1@tumblr.com","Opela","Aluminum",
"723","VHY","Radiated tortoise","gyuk2@reference.com","Biodex","Rubber",
"724","AIO","Long-crested hawk eagle","dbirkinshawk3@homestead.com","Bitwolf","Granite",
"725","MXE","Bear, black","gantonsenk4@unc.edu","Stronghold","Wood",
"726","JEK","Lemur, ring-tailed","ccripwellk5@japanpost.jp","Ronstring","Brass",
"727","BHP","Black-winged stilt","cbritchk6@gov.uk","Y-find","Rubber",
"728","HOX","Hornbill, red-billed","wbonnerk7@soundcloud.com","Sub-Ex","Plexiglass",
"729","YST","Southern ground hornbill","mburstonk8@slashdot.org","Pannier","Glass",
"730","PRO","Sally lightfoot crab","aholcroftk9@businessweek.com","Tres-Zap","Steel",
"731","GOT","Bat-eared fox","tgilhoolka@businessinsider.com","Ronstring","Vinyl",
"732","YRC","Cockatoo, red-breasted","hwoolnerkb@washingtonpost.com","Domainer","Plastic",
"733","SJT","Deer, swamp","btomkisskc@cbslocal.com","Bitwolf","Stone",
"734","STU","Beisa oryx","ryakobkd@ed.gov","Stringtough","Vinyl",
"735","GGE","African fish eagle","bmarchingtonke@state.tx.us","Aerified","Glass",
"736","AXT","Impala","jcoringtonkf@flavors.me","Aerified","Plexiglass",
"737","VDM","Magpie, australian","mjudkinskg@pagesperso-orange.fr","Aerified","Steel",
"738","JIC","Darter, african","iduddenkh@china.com.cn","Fixflex","Granite",
"739","TAV","Vulture, turkey","tbrasnerki@i2i.jp","Holdlamis","Vinyl",
"740","NOO","Bat-eared fox","vhutchingskj@woothemes.com","Temp","Plastic",
"741","YYS","Crested bunting","sclemontskk@mozilla.com","Toughjoyfax","Glass",
"742","MVQ","Large-eared bushbaby","tcritchellkl@ihg.com","Tres-Zap","Plastic",
"743","SJQ","Hawk-headed parrot","negglesonkm@digg.com","It","Brass",
"744","RBG","Ring-necked pheasant","akellykn@skyrock.com","Alpha","Vinyl",
"745","SQR","Caracara, yellow-headed","dblackeyko@economist.com","Ronstring","Stone",
"746","KOO","Paddy heron (unidentified)","alubykp@studiopress.com","Tres-Zap","Brass",
"747","DLF","Lesser masked weaver","ebrimmacombekq@gmpg.org","Bamity","Plastic",
"748","FDA","Armadillo, common long-nosed","gfroodkr@youtube.com","Y-Solowarm","Glass",
"749","BEE","Loris, slender","hpendockks@home.pl","Transcof","Rubber",
"750","NDY","Red-winged blackbird","alarrattkt@bloomberg.com","Domainer","Aluminum",
"751","NBL","Ring-tailed lemur","crimellku@elpais.com","Solarbreeze","Stone",
"752","TYD","Kangaroo, western grey","lborrillkv@weebly.com","Ventosanzap","Steel",
"753","AFZ","Old world fruit bat (unidentified)","ndeandisiekw@toplist.cz","Bigtax","Rubber",
"754","CXH","Tree porcupine","geisigkx@cdc.gov","Voltsillam","Plastic",
"755","STP","Yellow mongoose","dskeeneky@boston.com","Voltsillam","Plastic",
"756","UTU","Seal, harbor","escobbiekz@washingtonpost.com","Ronstring","Aluminum",
"757","MBO","African wild cat","fpadrickl0@bing.com","Holdlamis","Glass",
"758","MHT","Least chipmunk","darrelll1@devhub.com","Toughjoyfax","Stone",
"759","YLW","Bird, black-throated butcher","mmaddisonl2@list-manage.com","Ronstring","Stone",
"760","LUA","Bee-eater, white-fronted","kratazzil3@discovery.com","Fix San","Brass",
"761","LCQ","Hawk, ferruginous","pwoodl4@gov.uk","Bytecard","Brass",
"762","DDM","Otter, african clawless","rtoombesl5@comcast.net","It","Granite",
"763","KZF","Lesser mouse lemur","pcoggingsl6@blogger.com","Quo Lux","Stone",
"764","OES","White-throated monitor","gpoldenl7@google.cn","Trippledex","Aluminum",
"765","GBD","Australian brush turkey","lsirettl8@forbes.com","Span","Rubber",
"766","CKU","Ground legaan","cferbyl9@prnewswire.com","Zathin","Wood",
"767","KGA","Cockatoo, slender-billed","emassimola@cnet.com","Voyatouch","Brass",
"768","AYE","Yellow-throated sandgrouse","mberranelb@imdb.com","Y-Solowarm","Rubber",
"769","MAW","Owl, madagascar hawk","jscaddinglc@feedburner.com","Tin","Plexiglass",
"770","MWL","Green-winged macaw","dbindenld@go.com","Zathin","Steel",
"771","BNX","Glider, squirrel","dkemmerle@artisteer.com","Prodder","Glass",
"772","IPN","Roadrunner, greater","rpeermanlf@pen.io","Flowdesk","Plexiglass",
"773","MGM","Gecko, ring-tailed","aallibertonlg@state.gov","Bytecard","Vinyl",
"774","BFU","Antechinus, brown","omiddlemistlh@spiegel.de","Prodder","Steel",
"775","AMV","Flamingo, lesser","smallardli@networksolutions.com","Otcom","Glass",
"776","JJU","Peccary, collared","phandylj@shareasale.com","Bitchip","Steel",
"777","NTX","Pied avocet","ddonkersleylk@facebook.com","Fixflex","Wood",
"778","TKL","Squirrel, pine","rshapcotell@symantec.com","Toughjoyfax","Plexiglass",
"779","APC","Red sheep","tkondratenyalm@loc.gov","Fixflex","Stone",
"780","BZC","Squirrel, thirteen-lined","lantoschln@paypal.com","Tin","Stone",
"781","LZA","Possum, western pygmy","aabelovitzlo@zimbio.com","Subin","Granite",
"782","PBO","Australian sea lion","rbrobynlp@facebook.com","Greenlam","Plastic",
"783","TZC","Fisher","dvereylq@ihg.com","Konklab","Rubber",
"784","DQA","Bald eagle","acoteslr@people.com.cn","Zathin","Rubber",
"785","YXS","Darter, african","kegerls@patch.com","Treeflex","Plexiglass",
"786","TLV","Ground monitor (unidentified)","pstanlikelt@spiegel.de","Pannier","Brass",
"787","IRE","Verreaux's sifaka","mloomislu@biglobe.ne.jp","Voltsillam","Steel",
"788","ANA","Sloth, two-toed tree","bircelv@friendfeed.com","Bytecard","Vinyl",
"789","BEB","Hartebeest, red","ibinnelw@homestead.com","Sonsing","Brass",
"790","OCN","Black kite","ebradlylx@hugedomains.com","Sub-Ex","Steel",
"791","SHW","Francolin, swainson's","cfoystonely@seattletimes.com","Fix San","Aluminum",
"792","LAI","Vulture, lappet-faced","ssilverstonelz@seesaa.net","Fix San","Stone",
"793","BBP","Long-tailed skua","mkeemsm0@amazon.com","Bigtax","Wood",
"794","WLD","Whip-tailed wallaby","egoodisonm1@sciencedirect.com","Y-find","Granite",
"795","FEJ","Falcon, prairie","sburgherm2@tumblr.com","Tampflex","Rubber",
"796","CRC","Great egret","cschallm3@blogger.com","Viva","Plexiglass",
"797","BHB","Lynx, african","mboucherm4@free.fr","Span","Plexiglass",
"798","PKX","Trotter, lily","djaslemm5@surveymonkey.com","Stronghold","Aluminum",
"799","CRW","Bee-eater, carmine","bdanielism6@yale.edu","Transcof","Brass",
"800","EGN","Eurasian badger","kmcmickanm7@answers.com","Sub-Ex","Rubber",
"801","DOC","Antechinus, brown","jbattersbym8@smugmug.com","Flexidy","Plastic",
"802","MRE","Timber wolf","mtunnym9@nydailynews.com","Span","Granite",
"803","MIH","European beaver","overacruyssema@addthis.com","Span","Steel",
"804","MVZ","Roadrunner, greater","cgiffardmb@slashdot.org","Y-find","Aluminum",
"805","DKA","African red-eyed bulbul","wtorricellamc@comsenz.com","Prodder","Brass",
"806","YHB","Frogmouth, tawny","ralexandroumd@google.it","Domainer","Vinyl",
"807","DNB","Arctic lemming","afoulshamme@ameblo.jp","Toughjoyfax","Plexiglass",
"808","TFL","Common grenadier","jclimiemf@time.com","Bigtax","Stone",
"809","PNZ","Dove, galapagos","nhuikerbymg@bbc.co.uk","Cardguard","Plastic",
"810","KSP","Ibex","tcallenmh@devhub.com","Redhold","Aluminum",
"811","ASI","Alpaca","npridhammi@bizjournals.com","Opela","Granite",
"812","SFX","Sloth, hoffman's","jbonsalemj@bloglines.com","Flowdesk","Rubber",
"813","SQY","Pheasant, common","ldelmagemk@bizjournals.com","Voyatouch","Brass",
"814","GBR","Tsessebe","desomml@nsw.gov.au","Tempsoft","Plexiglass",
"815","RMU","Possum, common brushtail","dvickarmanmm@wp.com","Temp","Plastic",
"816","UEL","Margay","bcliffordmn@51.la","Konklux","Granite",
"817","BST","Tyrant flycatcher","osallermo@xrea.com","Bamity","Aluminum",
"818","NWT","Two-toed tree sloth","cbemrosemp@dmoz.org","Lotlux","Granite",
"819","OMM","Darter, african","twheelwrightmq@vk.com","Keylex","Wood",
"820","SGU","Land iguana","mravensmr@artisteer.com","Daltfresh","Vinyl",
"821","REA","Elk, Wapiti","amichurinms@ustream.tv","Quo Lux","Plexiglass",
"822","BRV","Mongoose, eastern dwarf","lmacveymt@webeden.co.uk","Andalax","Steel",
"823","EBH","Macaw, scarlet","obaalmu@usnews.com","Konklux","Wood",
"824","QBC","Steller's sea lion","dgowansmv@biblegateway.com","Hatity","Stone",
"825","SRT","Western patch-nosed snake","cpenningmw@diigo.com","Lotlux","Granite",
"826","NSI","Zorro, common","wvaiseymx@amazonaws.com","It","Steel",
"827","XDA","Ox, musk","gpargentmy@google.com.au","Cardify","Plastic",
"828","CFS","Skunk, striped","lmanuelimz@google.co.jp","Veribet","Granite",
"829","GRC","Southern ground hornbill","hjeaffersonn0@aboutads.info","Tresom","Vinyl",
"830","LSN","Pelican, great white","gtemplarn1@ed.gov","Tin","Brass",
"831","MWP","Agile wallaby","sblydenn2@japanpost.jp","Kanlam","Wood",
"832","0","Grey fox","ebussen3@eepurl.com","Regrant","Granite",
"833","MFS","Pelican, brown","jsantenn4@smugmug.com","Ronstring","Brass",
"834","LNG","Arctic tern","bschruyersn5@msu.edu","Sub-Ex","Granite",
"835","CVT","California sea lion","cmccereryn6@wunderground.com","Bigtax","Brass",
"836","YLT","Rabbit, eastern cottontail","twileyn7@google.pl","Treeflex","Steel",
"837","ESN","Monitor, water","mmackneyn8@cnn.com","Tampflex","Rubber",
"838","KWS","Coatimundi, white-nosed","caldcornn9@moonfruit.com","Konklux","Glass",
"839","MNH","Pigeon, feral rock","wfearensidena@acquirethisname.com","Cookley","Granite",
"840","NPR","Seal, southern elephant","sshellshearnb@tinypic.com","Treeflex","Vinyl",
"841","VOH","Marshbird, brown and yellow","bdevasnc@elegantthemes.com","Rank","Vinyl",
"842","OHI","Cape white-eye","bogavennd@patch.com","Namfix","Vinyl",
"843","WYE","Yellow baboon","cjossene@yahoo.com","Lotlux","Steel",
"844","YZA","Southern boubou","gsiemantelnf@ibm.com","Lotstring","Rubber",
"845","PLQ","Ibis, sacred","jbarrouxng@so-net.ne.jp","Quo Lux","Granite",
"846","RAZ","Trotter, lily","flawlingnh@wix.com","Cookley","Steel",
"847","SAF","Vulture, turkey","tandrzejowskini@networkadvertising.org","Fintone","Vinyl",
"848","SWD","Quail, gambel's","cfathersnj@clickbank.net","Home Ing","Granite",
"849","WEF","Shrew, mandras tree","jmechannk@economist.com","Keylex","Vinyl",
"850","GUV","Steenbok","ewitchellnl@ucsd.edu","Zontrax","Brass",
"851","ASW","Asian openbill","rpoatnm@nsw.gov.au","Bytecard","Plexiglass",
"852","TFI","Agouti","jfeifernn@biblegateway.com","Duobam","Plexiglass",
"853","SSP","Llama","ffurmengerno@bbc.co.uk","Overhold","Stone",
"854","KOT","Jungle cat","mbrevittnp@wikia.com","Stronghold","Vinyl",
"855","CID","Eagle, golden","mlongfellownq@adobe.com","Regrant","Rubber",
"856","LYO","Dragon, asian water","ushorrocknr@wiley.com","Andalax","Wood",
"857","SSG","Rabbit, eastern cottontail","hbormanns@va.gov","Treeflex","Glass",
"858","KJA","Currasow (unidentified)","dcaitlinnt@surveymonkey.com","Cookley","Granite",
"859","UVF","Ring-tailed gecko","jprestidgenu@boston.com","Quo Lux","Granite",
"860","PQD","Antelope, roan","tbalfrenv@ehow.com","Greenlam","Granite",
"861","PMK","Barrows goldeneye","hmasternw@ihg.com","Job","Vinyl",
"862","BSZ","Flicker, field","gwinkettnx@constantcontact.com","Greenlam","Plexiglass",
"863","SLL","Violet-crested turaco","fdaverinny@blogspot.com","Temp","Rubber",
"864","YPA","Sloth bear","ecarnecknz@deviantart.com","Stringtough","Granite",
"865","MPG","Crowned hawk-eagle","jbeiningo0@ftc.gov","Bigtax","Stone",
"866","YSH","White-browed owl","pgronavero1@seesaa.net","Biodex","Plastic",
"867","BVP","Wood pigeon","dscotchmero2@indiegogo.com","Flowdesk","Rubber",
"868","AXV","Whale, killer","lbrunao3@senate.gov","Otcom","Brass",
"869","ELT","Red-tailed wambenger","jedgingtono4@123-reg.co.uk","Overhold","Granite",
"870","DWN","Short-nosed bandicoot","gshurmano5@jigsy.com","Zoolab","Aluminum",
"871","TSV","Dragon, komodo","sjillitto6@exblog.jp","Transcof","Vinyl",
"872","BFP","Eastern quoll","gfairburneo7@clickbank.net","Cookley","Wood",
"873","RIM","Common long-nosed armadillo","gvanyo8@wisc.edu","Fintone","Wood",
"874","YBQ","Colobus, black and white","jsmithamo9@de.vu","Ronstring","Steel",
"875","CJH","Ground legaan","dgarroodoa@hexun.com","Matsoft","Wood",
"876","KQH","Square-lipped rhinoceros","sjacobssonob@shinystat.com","Stringtough","Aluminum",
"877","NTY","Marmot, hoary","pgonthieroc@spiegel.de","Rank","Aluminum",
"878","BYB","Wolf, timber","rsinghod@twitter.com","Quo Lux","Stone",
"879","RCU","Impala","hdidomenicooe@aboutads.info","Zoolab","Plexiglass",
"880","LBD","Wolf spider","gstoodof@liveinternet.ru","Zontrax","Glass",
"881","0","Monkey, rhesus","tcrannyog@ftc.gov","Cardify","Steel",
"882","ZAJ","Racer, blue","pweareoh@census.gov","Lotlux","Aluminum",
"883","KPO","Wallaby, whip-tailed","clyardoi@yolasite.com","Bitwolf","Stone",
"884","MLM","Savannah deer (unidentified)","aslyneoj@edublogs.org","Bamity","Brass",
"885","VST","Desert kangaroo rat","rbutrimovichok@ask.com","Cardify","Plexiglass",
"886","ATI","Hyrax","jreisenol@wikia.com","Cardify","Wood",
"887","KNN","Shrew, mandras tree","mmcculleyom@feedburner.com","Domainer","Glass",
"888","BJW","Buffalo, african","jbamellon@opensource.org","Mat Lam Tam","Brass",
"889","AGB","Cormorant, neotropic","mcamieroo@yellowbook.com","Zontrax","Aluminum",
"890","ATN","Suricate","emordinop@fc2.com","Tresom","Plastic",
"891","SEG","Thirteen-lined squirrel","sprinettoq@wordpress.org","Bitchip","Plexiglass",
"892","MEW","Wallaby, tammar","bhalwellor@de.vu","Greenlam","Vinyl",
"893","KKL","Tammar wallaby","ccicchettoos@symantec.com","Greenlam","Plastic",
"894","TOZ","Common wallaroo","sbailieot@salon.com","Cookley","Plastic",
"895","ELW","Seal, southern elephant","dboichatou@noaa.gov","Biodex","Stone",
"896","0","Tree porcupine","cgooderov@answers.com","Wrapsafe","Steel",
"897","ELB","Black-collared barbet","dstanyforthow@cpanel.net","Konklab","Brass",
"898","SFB","Heron, giant","bwallisox@ovh.net","Tampflex","Granite",
"899","PSO","Cat, cape wild","rdarteroy@cloudflare.com","Daltfresh","Rubber",
"900","KUU","Turtle (unidentified)","smaragaoz@bigcartel.com","Gembucket","Stone",
"901","KCA","Boa, columbian rainbow","sdanilevichp0@hibu.com","Keylex","Granite",
"902","MON","Vulture, egyptian","esantusp1@theguardian.com","Solarbreeze","Vinyl",
"903","EVD","Hummingbird (unidentified)","zkeiltyp2@uol.com.br","Bamity","Stone",
"904","WBB","American bison","kcowupp3@last.fm","Tresom","Brass",
"905","USH","Spoonbill, white","fscarlonp4@disqus.com","Latlux","Plexiglass",
"906","SAU","Genoveva","thintzerp5@amazon.com","Y-find","Plexiglass",
"907","BBP","Squirrel, antelope ground","bgilleanp6@wufoo.com","Bigtax","Brass",
"908","EKS","Griffon vulture","sbainbriggep7@wsj.com","Matsoft","Aluminum",
"909","MMJ","Blackbuck","jibbittp8@house.gov","Transcof","Stone",
"910","HNY","Boubou, southern","twalisiakp9@eventbrite.com","Bytecard","Steel",
"911","DSG","Waxbill, blue","ablakerpa@pagesperso-orange.fr","Cardify","Brass",
"912","TYG","Gray heron","dhindmoorpb@imdb.com","Viva","Wood",
"913","MZJ","Sloth, two-toed tree","fkowalpc@mail.ru","Temp","Glass",
"914","FTK","Ibis, glossy","edourinpd@reference.com","Greenlam","Brass",
"915","BQI","Eleven-banded armadillo (unidentified)","ltitherpe@tripod.com","Tampflex","Plastic",
"916","RCA","Squirrel, indian giant","cangerpf@paypal.com","Bitwolf","Plexiglass",
"917","NRL","Common duiker","mdarlisonpg@dyndns.org","Prodder","Granite",
"918","WJR","Eastern white pelican","cprahmph@fc2.com","Opela","Stone",
"919","HEA","Heron, black-crowned night","bmaldenpi@oaic.gov.au","Holdlamis","Wood",
"920","SJF","Lesser masked weaver","zsewterpj@tmall.com","Hatity","Glass",
"921","CFM","Deer, roe","crubroepk@ucla.edu","Lotlux","Vinyl",
"922","AKU","Southern black-backed gull","mcasementpl@i2i.jp","Prodder","Granite",
"923","HEX","Squirrel, eurasian red","ddiggonspm@chronoengine.com","Gembucket","Glass",
"924","ERR","Red-breasted nuthatch","gwrankmorepn@biblegateway.com","Flowdesk","Granite",
"925","KJI","Madagascar fruit bat","cespadaterpo@tinypic.com","Daltfresh","Glass",
"926","TBK","Squirrel, antelope ground","mtamplinpp@issuu.com","Namfix","Steel",
"927","MIV","Rufous tree pie","kboydlepq@goo.gl","Sonsing","Aluminum",
"928","CBD","Screamer, southern","erigbypr@google.it","Hatity","Plexiglass",
"929","MLM","Blue wildebeest","sbarringerps@omniture.com","Flowdesk","Aluminum",
"930","SRD","Snow goose","dbryettpt@gmpg.org","Hatity","Wood",
"931","RGT","Yellow-brown sungazer","bcampspu@addthis.com","It","Wood",
"932","YBG","Squirrel, thirteen-lined","ybernaciakpv@mail.ru","Zamit","Wood",
"933","YRC","Grouse, greater sage","atoffalonipw@list-manage.com","Redhold","Vinyl",
"934","ZRM","Salmon, sockeye","dharridaypx@google.com.hk","Aerified","Wood",
"935","PGH","Deer, barasingha","dfolkspy@usa.gov","Toughjoyfax","Brass",
"936","KRX","Lion, southern sea","handertonpz@slashdot.org","Domainer","Wood",
"937","KTD","Siskin, yellow-rumped","bhillattq0@google.com.br","Overhold","Aluminum",
"938","KFS","Otter, small-clawed","rmaidstoneq1@dedecms.com","Zontrax","Rubber",
"939","MIH","Asian red fox","gandreasq2@economist.com","Andalax","Wood",
"940","APS","Pademelon, red-legged","atynanq3@qq.com","Y-Solowarm","Plexiglass",
"941","GBP","Hawk-eagle, crowned","edeavenellq4@mapquest.com","Opela","Rubber",
"942","SCY","Goliath heron","egrishukhinq5@unesco.org","Matsoft","Glass",
"943","ECO","European badger","flepickq6@wufoo.com","Zaam-Dox","Steel",
"944","GBW","African jacana","mjosefovicq7@google.cn","Job","Aluminum",
"945","VCH","Brazilian otter","cmalleyq8@weather.com","Gembucket","Granite",
"946","VAO","Gulls (unidentified)","fhousegoeq9@vimeo.com","Regrant","Glass",
"947","JUT","Frilled dragon","hmelpussqa@nature.com","Ventosanzap","Plastic",
"948","GUI","Gecko, bent-toed","agoodridgeqb@stanford.edu","Y-Solowarm","Plexiglass",
"949","EML","Blue shark","jfirksqc@wikispaces.com","Hatity","Glass",
"950","ILL","Snow goose","abattersonqd@tiny.cc","Greenlam","Brass",
"951","OBE","Monitor lizard (unidentified)","cbowderyqe@1688.com","Cardguard","Vinyl",
"952","LQM","Seal, northern fur","ashirtcliffeqf@hao123.com","Trippledex","Stone",
"953","PPJ","Baboon, gelada","cmosenqg@google.pl","Tresom","Granite",
"954","LED","Golden eagle","sgainsburghqh@sphinn.com","Stim","Glass",
"955","LFK","Black-tailed deer","dgranthamqi@whitehouse.gov","Matsoft","Aluminum",
"956","CQP","Snowy sheathbill","esaingqj@slate.com","Pannier","Plexiglass",
"957","GUX","Lizard (unidentified)","bgiovannilliqk@flavors.me","Stringtough","Rubber",
"958","JAK","White-throated monitor","daleksandrovql@ehow.com","Otcom","Plastic",
"959","CRJ","Black-throated butcher bird","oarnaoqm@businessinsider.com","Bigtax","Vinyl",
"960","MPT","Grey fox","goxenburyqn@prweb.com","Subin","Granite",
"961","0","Nuthatch, red-breasted","agylleqo@mysql.com","Opela","Vinyl",
"962","MLL","American black bear","fpeintonqp@ft.com","Zontrax","Vinyl",
"963","BBI","Asian foreset tortoise","aingleseqq@vistaprint.com","Solarbreeze","Plexiglass",
"964","DBY","Black spider monkey","mvitallqr@about.com","Bitchip","Rubber",
"965","AWP","Badger, european","iescaleroqs@paginegialle.it","Flowdesk","Brass",
"966","HCQ","Badger, american","wwoollamqt@wix.com","Konklab","Brass",
"967","FAO","Hartebeest, coke's","adumbartonqu@about.me","Y-Solowarm","Wood",
"968","NAU","Stork, white","rspringfordqv@ustream.tv","Treeflex","Wood",
"969","TNX","Antelope, four-horned","hcasselqw@umn.edu","Konklux","Plexiglass",
"970","SHI","Huron","sburgwinqx@wisc.edu","Tin","Brass",
"971","JBB","Madagascar fruit bat","ehanafordqy@freewebs.com","Cardify","Aluminum",
"972","EGN","Gecko, barking","cbeaconsallqz@blogs.com","Tin","Granite",
"973","BQT","Richardson's ground squirrel","mfairfoullr0@odnoklassniki.ru","Lotstring","Granite",
"974","NGD","Zorro, azara's","gisabellr1@w3.org","Duobam","Granite",
"975","FMM","Cockatoo, red-breasted","wlonghirstr2@deviantart.com","Prodder","Plastic",
"976","BME","Bee-eater, nubian","fgeffenr3@parallels.com","Prodder","Rubber",
"977","EAR","Spur-winged goose","rtrevaskisr4@answers.com","Viva","Steel",
"978","USL","Finch, common melba","kpounderr5@cisco.com","Quo Lux","Steel",
"979","TAZ","Blue fox","cdemkowiczr6@wikimedia.org","Pannier","Steel",
"980","OLD","Woodrat (unidentified)","eclawsleyr7@hao123.com","Toughjoyfax","Wood",
"981","POE","Monkey, bleeding heart","kpear8@comsenz.com","Tin","Rubber",
"982","AVA","Possum, western pygmy","ewootonr9@blogger.com","Alpha","Aluminum",
"983","GLS","Suricate","rclapstonra@sitemeter.com","Zathin","Plastic",
"984","LND","Red-headed woodpecker","cjakoubrb@soup.io","Zathin","Granite",
"985","NEK","Kangaroo, brush-tailed rat","cmyrierc@blogtalkradio.com","Cardguard","Glass",
"986","SWH","Red-shouldered glossy starling","hcrewtherrd@mit.edu","Andalax","Stone",
"987","RAK","American woodcock","gdobiere@geocities.com","Konklab","Glass",
"988","NAK","Wapiti, elk,","ethomkinsrf@123-reg.co.uk","Subin","Steel",
"989","TUH","Bee-eater, nubian","csuermeiersrg@cocolog-nifty.com","Asoka","Plastic",
"990","TCJ","Francolin, swainson's","cschulzerh@pbs.org","Tempsoft","Plastic",
"991","KRC","Agile wallaby","chowerdri@cnn.com","Zamit","Granite",
"992","SCD","Blackbuck","oziemeckirj@businesswire.com","Greenlam","Aluminum",
"993","ATT","Ring-tailed coatimundi","asallingerrk@istockphoto.com","Voyatouch","Steel",
"994","TOT","Horned lark","mdoileyrl@ocn.ne.jp","Biodex","Plastic",
"995","PDZ","Monitor lizard (unidentified)","rsuttlerm@yellowpages.com","Flowdesk","Granite",
"996","MIM","Brown antechinus","dtuckleyrn@pinterest.com","Solarbreeze","Brass",
"997","MUS","Field flicker","goadesro@wikipedia.org","Bitwolf","Granite",
"998","NDA","Brown pelican","adionisrp@homestead.com","Gembucket","Brass",
"999","SOA","Raccoon, common","ifarnworthrq@patch.com","Namfix","Granite",
"1000","CNE","Sea birds (unidentified)","bhankeyrr@jiathis.com","Voltsillam","Stone",
